from,to,cost
508302,508205,0.3833333333333333
508302,509101,0.5333333333333333
508302,509105,0.5333333333333333
508302,507202,0.3833333333333333
508302,507206,0.3833333333333333
508306,508205,0.3833333333333333
508306,509101,0.5333333333333333
508306,509105,0.5333333333333333
508306,507202,0.3833333333333333
508306,507206,0.3833333333333333
508302,508302,1.0
508306,508306,1.0
508205,508205,1.0
509101,509101,1.0
509105,509105,1.0
507202,507202,1.0
507206,507206,1.0
