from,to,cost
608101,508302,0.65
608101,508306,0.65
608105,508302,0.65
608105,508306,0.65
608104,508302,0.0
608104,508306,0.0
608107,508302,0.24166666666666667
608107,508306,0.24166666666666667
508302,508302,1.0
508306,508306,1.0
608101,608101,1.0
608105,608105,1.0
608107,608107,1.0
608104,608104,1.0
